form_id,project_id,grant_Id,l2_address,status,
,0x91a4420e2fcc8311e97dad480f201a8ce221f2cd64c2de77280cbcc6ce193752,1,,not started,
,0x9102357674825ed224734387fbefbf41c16fe5d9764c2f7f3e897ad3325d3990,2,,not started,
,0x517eaa9c56951de89261f2d7830ea49aae92f2a903104a17d9c5c2edd4959806,3,,not started,
,0x62e37e96aa6e1cbfb6bd24b97c4b8f1e12cc3fe35d5388d2f041c42a12b40745,4,,not started,
,0xd5b4c54b12bf86f6eb67fec81032809a16ff1c4b4c7f0d5898fc86367db86ca6,5,,not started,
,0x0fad18f37ecec4f4f4ca18e60c353eb11462363e8aa14562b5d96af54108d106,6,,not started,
,0x70a31809b59034a137b8ba57b092412879e779f0ea527f091776dca521edc7af,7,,not started,
,0xcf10a15439ef8c56e1b6c22641544012bfd032c7b584d1160a7d743cb770875b,8,,not started,
,0xb98778ca9ff41446e2bc304f7b5d27f0fa7c2bcd11df19e22d1352c06698a1f6,9,,not started,
,0x4288aacdda65af69c03b2c9b9d057e2b93ed1b7671e481b03c6a7b33349d2365,10,,not started,
,0x41b2ae8a2ead458ff7c85549a9a11380353e1ae4b234666312d495326636f77a,11,,not started,
,0x945e356d400d37b4cd548ca3b53d4ee41a075c8b4befd0b8589947b6d8721ad4,12,,not started,
,0x4cf98b5dec7f0f51eb6b88ecb15639bafc7320bdc6e21ac443f4c58ebeb1245b,13,,not started,
3799wxpilke1kue4jutwwdd3799wm60y,0xcbfdcf8f724d73504d1518d5ecd7d7256b12d37e68cd84569b383bfb6e2eeea4,14,0xedfAa9fea4275dbaAc341Fd1EE9c782cb838818A,pending,
0axzvia6jufy1r4d10af89rba3247g20,0xcbfdcf8f724d73504d1518d5ecd7d7256b12d37e68cd84569b383bfb6e2eeea4,14,0xedfAa9fea4275dbaAc341Fd1EE9c782cb838818A,pending,
,0x3230536d9c471231698a0fe66daeeda963282f2b594ce5a47d3dbfa53ac9d4a5,15,,not started,
m52sogslb275m5lfzu0m52sokh5mha27,0xbcb5c437d5347be21add3972512679054416805274f80e85ab8053ae79340a69,16,0x2273B2Fb1664f100C07CDAa25Afd1CD0DA3C7437,pending,
,0x5c4cbf1cf48fea0f82cfdf33b94f43910f3062b6cca1fbfe46d4ee7e1f5506d1,17,,not started,
zjc32zzrwnlzjf5sohn7um9dbwi9eq93,0x850df51e29f2846a5f085d88e6b6fc13fad51ad7161f8a825ed09d470668161a,18,0xEdDeb6f119cbFE24741a6333Dc69BffFCBD1dCA1,pending,
,0xefaeef1446de875ab6e50d31c8dbe776f99d884cb8cb68d50b1384067e4aeb6b,19,,not started,
,0x3061b642db56c507e265f03029735b0413a613bda43456a31e78128baeb18754,20,,not started,
,0x7539f43dc91f9c406c83a06339708e4033cdbf630916c6dfb9de2b5ef811affd,21,,not started,
,0x08df6e20a3cfabbaf8f34d4f4d048fe7da40447c24be0f3ad513db6f13c755dd,22,,not started,
,0xffffeb1d3576c1e847701c225975ee1a10259e05366b477e98fea7a47c5e5896,23,,not started,
,0x000c2ce4773defb3010a58d3800d0ec9d432189c574ba26d3103f1db44a5af6d,24,,not started,
,0x1a6ff49fed19e164fd6b39f668f391cfc7fc493906e942c74997aacee91be632,25,,not started,
opvs10d3382xfv0uhuopvs1wwbflvlub,0x69f13f6351489812a9052412e273ba726383744c8c482ac877c6a4e9f3b1d3ad,26,0x6f1130E4b96C681e2721667DDfFcA99dD6824a2d,pending,
,0xf24315614063278ba3543e1717791132a9afa79b0e65baa01a85bcccbdfa215f,27,,not started,
,0xd54e1032bf16d649f8f8f0a7da42a249966ad4a270b4c17b24ded1e32c97b2bf,28,,not started,
p9pjxnl1gm0ntp9pmfp0xv99zfla781q,0x182f5a5c04ccdc4739ee9f362af72d7a0f55d6b410cc9dc2b52dc7f99f06f3f9,29,0xe41961727A953919B4e093BE13Ee8DD70fE80A19,cleared,
,0x8e60d35b5b545cfb3a2264c6f95024c0359b00a3febcb7a56967934ce917783c,30,,not started,
,0xd61084147c0e08c9a304348584c6bd0e9974a4073bff55f6b1728730b6ce07f7,31,,not started,
p9ppr4rwbc19fonp9pzjb92gnpl56wue,0x331511dd6300baf10a35b2d3f3953fd7160412b970049b3a63b64564ce26c347,32,0x8CBcbD492Eea3De7bDF223CfbeE8d417f5E73b50,cleared,
,0xeb377d41abbae2f67ac73ca422839208377f5823d189b3435874946e194324ea,33,,not started,
,0xd4f0252e6ac2408099cd40d213fb6f42e8fa129b446d6e8da55e673598ef14c0,34,,not started,
,0x526522707f6c225a9bc7ea54e572f995eb3c794f34756f514d976c61729e8a8d,35,,not started,
,0x6af74a9a8d1b53bc559f1341fdc76464ad4624641f9c5749ab327040b6319d2a,36,,not started,
,0xa2a580dae44336df1cbcb7a5303880f393068fb96116e10e180e10f5745dccd4,37,,not started,
,0x9da706c1c51cd59ee70b5814c10246ed1a786cb1a77339e84d96ed006b5792ce,38,,not started,
4n1mmvmbw9jpf2452p4n1mmvqs66sypp,0x72723e07fe409557489a6643b43d9493a94c10ba68230b0527f01834cb6a550f,39,0x787B66d5281D45126bf0e0f3C9aC682D1E119d6C,cleared,
,0xc0901c8f9503f0bf91a1cca0c6c90e55af8719cc2237fb4a0bf0770b307cbd11,40,,not started,
,0x120cdd8e43ae1efbafdf02eda876e1952c05a52870c8d5a8f56d9ec0f79f586d,41,,not started,
z2xw34osybajh73az2xw34yg9dqgze5j,0x482720e73e91229b5f7d5e2d80a54eb8a722309c26dba03355359788b18f4373,42,0x0d0D5Ff3cFeF8B7B2b1cAC6B6C27Fd0846c09361,pending,
,0xd3d00c946f62ac8cf49a85e3ab7d295d3b56f68d0b9f1fa4d595742fa372cf78,43,,not started,
,0x38c38455bb0fd71d2929fcf799279569ab5f5c5d3e1f92f8642ce87aa25accdf,44,,not started,
,0xf7669f10edbb4ca465f6a6b5ec7e90521a0011e8b3233c43e3cd0dd22633d67f,45,,not started,
,0xf1d9b05abe0f41beab3e5f4b829afd9a7ba3679829d4be72c45e0d340f7bffaa,46,,not started,
86slav7gic5r9n77x86sla8rv4g3vhou,0xca3f26e1c876e821d2384a5cb699c6be494f9810301c2e2be49c232656262642,47,0x2cfA221ef22BBEEa2c82ca31e9883131149f6BD4,pending,
amyti6860zlmzdj0camymedz6zkhf2fm,0x512f97f1de28ad530f752d53bf4f56ed16d34a3121f0512cd5a0485c2074b312,48,0xb04a484387a7242339da615a63d2d49d8968aada,cleared,
,0x5bf4cb9356352d8d123d9925d213594088a16a5aacb407030a2b25de728217bd,49,,not started,
,0x32544f86ae24d37df67bb6e7eb98eca5003932567225ed85e34f72bd0dc859db,50,,not started,
,0x40666399bef533ba8b13292f910c26f5523b057ed33a51d3d90d2fe0079a1c9e,51,,not started,
,0x89d5dbc8003e6b6919273e991bba7d6a951491a408e47978a22baa046d225941,52,,not started,
,0x1c33980ce1d1290b5300719114dbe2cade0b820cb2b45321b715fd53d7abc8d2,53,,not started,
,0x098fca4a62159ddfc2c45dc2931a727d56f039b8f68e31222b927aaf2ce75b9e,54,,not started,
k65uo05ampzqtyj4k65updzlowolhmvk,0xf0e2abf650dc97b4223f82ef94fc6251942fff0f4d75d49d63a4017610045907,55,0xde5990625c5b70b6af6d6991f17abfc8c27acc72,cleared,
,0x636ce56a00ff90ba0bbe96b4d581a09414da0d3ed44b71ae38b29b9be7ff20a6,56,,not started,
,0x24ff0fb2933e55b169a80d9bd35a00a7011795387717b27445ccdc0f8660d740,57,,not started,
,0xfc54b4a9c537be25238cba3f05100b733aeee83a3eb3fdae60d651b3b913390c,58,,not started,
,0x52d9a9709aeb50c10afb0f67a35f1a538bc6897c9f45161d39c37fd566fbe19a,59,,not started,
,0xa88844cea135382e3484e39c3172033437121b35ca0bc8b10b9b8253984876b5,60,,not started,
,0x3ecbf66c1b21342b26acb0f7d4c6b8bbbef168ffafff3f425de3503fd8dfa535,61,,not started,
,0x3fd997714a3a9df6dce8a21992dcae361b34432d39b7fd7e04e52eaf0aeaa588,62,,not started,
,0x229cb4bd0c69afd89939b1e1364be950a79045c8233ee9278a6224814873c314,63,,not started,
,0x79fa54d6c030c7803827e96933fc93b092f638079c738d13a27a08b3905b95ec,64,,not started,
l4r56k0f0ndh3h7rwl4rwfc7ae85ztop,0xc7bd0b2faaf873e06066c2a986c2b657ee4c9b31a61bfb5e91825e1dee546dbc,65,0x4bd57614ca3Dbf7f7DE50cb602Cf686dF1c8589E,pending,
,0xa47182d330bd0c5c69b1418462f3f742099138f09bff057189cdd19676a6acd1,66,,not started,
60vorr3h82y9gt60vokxbzp2ddred5f2,0x491ffd3c2e4c25ab7fbdbefe0f5fc8dc2beee5ab801287b9c6c93c9c3c810463,67,0x34A484784ADF44a5953BEfCB92D80E21c989887B,pending,
0u944w2292u7vg9x1mgi9i0u944w2n9f,0x895299e2f466a5b500fbd80b8da1d2d2a9be6a71bcf772aed795aa0457e8baaa,68,0x8ebD04b2fbA00418Be00329146837dcE51F02c00,pending,
meg3608tuag4u81a80meglnvk2fwqfg3,0x306977dfc31135826a031cca8ffcb1f82d8f14c9371f0362274be1dfa984f373,69,0x44b1b486Ce8d9C82f605626347a7B1F74ADD11DE,pending,
,0x6371518c95cfa543514e01a77d470c695fac36691cffa3a45e992b2c0cc6ba72,70,,not started,
z7uag6tqg6y967nyujioz7uagrl5adtd,0xfb9c6b3dcd75e0d0f4e0b0d4b27a4e1398ec6147eb1af3499eb8b87145bfa709,71,0xB4BCf8F98C75C4AE354a8CC51a28f5cfC7f4b83F,pending,
,0x6aa80764b6082947c3b2de86fe12804eb475b0afb719de50b9eed60b86f20535,72,,not started,
,0xf900c29f3adf3153dbfbd974303e590850c0d2ced1966490c705290a63ffea1b,73,,not started,
qfj5rhwgn6twgeqfajxtqfj5rhcdbtzf,0x4bf2ac1013cbae40d5fd671442d4bf276e389de415b4b070c5038b3e9851667d,74,0xDD3705A1c50Fc84B6d31394aA8F4D568B98a8AD5,pending,
,0x01d8c3bc48ed5f94c260dcc8698eb61f48b06f70b0596c65fbcb1f369c092be9,75,,not started,
,0x46cd8d30b17201a2c573336842ad0e4ee866eb51d885027efe9dff78bff1c086,76,,not started,
ptfmn1v0pmgnsbc6ptfmuscvc2wckj67,0xab1ddf597f6539acc5ad601c2a6d2899c0475cfd9cc3b837939b1084ba5d7a36,77,0xb9382255EF77dCD90A4133aA69A85BDD3B4C489D,pending,
,0x30769523b16315b6404ce3c6dbaf610028acdf3133dca8a4d427e0d19d3628c9,78,,not started,
,0xaf344305f30af57f984af95f7c8570fdfcf7520b55e605bb34095ba49f8a385a,79,,not started,
oujnu0ec3j7z7z599gy5oujnu01vqz8g,0xe2cffffc3c00303412781c879691480a5e6e91f936ca073321babb01c6969080,80,0x16760803046fFa4D05878333B0953bBDDc0C20Cb,cleared,
wz3k3vwo05wq2y2dmnbwz3ku77duv5lp,0x5316b19c17eba417d70b924baa6a1c467b14069968424d14fcf1409f2a308873,81,0xb942B162B372644Cd5Ec85E4220972dE8b2388Dd,pending,
,0x35e2308213d675d5c25463a80fd318c2ae2478f47c4fabc854f23ac40df196c5,82,,not started,
,0xe20f59eb1c8f9cb72e07b8d0f067bac997614fd6db06d8c031c5c9235f760dcc,83,,not started,
62iakl1o8cdhn59b7il62iacgziqk3vu,0x37c2292c6316d1f9b796c3eeac2049e38f31eb3dee37db0e7987854de1b001d0,84,0x0b99C69c2D7A71fb372ACf2756E315A18E5150B1,cleared,
,0x20528d941017e017af28e86bd57bec2c7c5467e6ed952941502e04493a966cb3,85,,not started,
zvzmcv20oxjbzvzmjayhy1p37kxxr64j,0x8595f830f4d1716621d19bca6394f304837133fb473d8fcd1699e84402df1409,86,0xfD5844867387Cecc3A0393b3e0BE32479Ea9e61a,cleared,
,0x8c0d39ff0da67bf02e286f0d9e92da3470476333f185cc72c1db4923ace41901,87,,not started,
wdfwocm1tdz6try4wdfwo0izjztz7zc4,0x928dcd931ff2bc44a5d3b15c500adfbf8d3e3a89e4936823e0b3f053c38f978c,88,0x42D55F9c09bbcCc699820cF0AE399f7b2918D07F,cleared,
3zg24nmuy476qcjgz93zg3wu2hsorrql,0x4b987d79912367ada6c3fa1bf6ad1daa6d164078f8c5efc8db2128b9231087a9,89,0xFd1D36995d76c0F75bbe4637C84C06E4A68bBB3a,cleared,
,0x3d009f8f7c1e8a3bcbc81ca8ed60d2e86b956dd0fa68c4595f851be37052a2b5,90,,not started,
,0x4d71401a0dbd9b3dd890fbc70baaf872d16db80af149e20f7ef1805fc94f6df6,91,,not started,
kat9s8qmlxrrted3kat9s8un932alg7v,0x15b210abdc6acfd99e60255792b2b78714f4e8c92c4c5e91b898d48d046212a4,92,0xE6D7b9Fb31B93E542f57c7B6bfa0a5a48EfC9D0f,pending,
,0xb6266f3d955040aa7583f2f346db87abe0649f545389af3cc8fe302aacfc850b,93,,not started,
jskavgnwgv2utmlz6jssz6u08s1jp83x,0x6435c8574014275b1d554a3ab9dd85f775fa3563258ce855d6aeb07e7918f6e5,94,0x74a011521bA7C03655cC50dC371a1457d078B2,cleared,
,0xf1d424db61a36ef7e1bef62f6c62f00b2e5ff74ce12c9ca3d11d3dc39e7f14ea,95,,not started,
,0x6a39702efd7d2658c0b26f05397ea9802317e40404e9c5f3f37ceb9b3dfc71b9,96,,not started,
vgtkbvivdw8w7uy7g72bvgtkbvy6kmlp,0xe5c133e05956a3939b9a78f4ad5d0a897a027da60a7d5e1b6276a2266211f69f,97,0xB1dD2Fdb023cB54b7cc2a0f5D9e8d47a9F7723ce,cleared,
,0x79196c0af1a1f78fe5a009a4753c46d2271b17fc2836e1f6635822f8f4cb3b61,98,,not started,
zw2ufcw9y3shi6itggozw2uf7yq8locl,0x73899e48df9f895ffbffc36d53ce970c1454c8eeb0700ed20f303bf936b6a0f5,99,0x4206957609f2936d166af8e5d0870a11496302ad,pending,
,0x18e7582de42dd9a7fd2cb69fb6566b8bcb3e86b936b229b0c5af78fa1de791a4,100,,not started,
c7uoj11ypizagkaf66vsc7uoj1fho9qx,0x7fd77f963d3383d7aa4dd67652c6554ce6f0661aad01afdbeaef33c3e5957a69,101,0x65A3870F48B5237f27f674Ec42eA1E017E111D63,cleared,
,0x07bbe4af3099fbf9f18fb4ac7078ee836c5d0d3cc2c29f192dd366455671e2a5,102,,not started,
,0x79159d9bd4981ce68651fb4d585fd5827215309e503f46209adb0ec438f71b30,103,,not started,
5n6kdcnif39sog96ozb5n6kdl688s078,0x447b6819a0fa334f2429f86c022cf75ef3cad7e6e96078cb361ab961514b5125,104,0xd43babe15086eaf5414Fa3Ca2A76B662e63024F0,cleared,
,0x45064f78302aeee0d4ea3667a39d3cffa25157b131aba8b1c0d9cfb7c085f87d,105,,not started,
,0x7747e26c3538f93bc67d9e13f343464996624e96fe549e3be484e848a1f61732,106,,not started,
,0x3065db37b2feaa39fe11e313726e38fc14f461c174629174e2f434f2cfc938f9,107,,not started,
,0x030d3b4efdbeb15c8c70bbb4c4fe194c1893ef126148146235412a5d1eed3b97,108,,not started,
,0x4373578c03f67b70d7f3e49681e901e66dc705efa292343c2370569cbb3245c5,109,,not started,
,0x8809b8e6597cfc24a10313db53a1e7b102790160cb803bc47e07848b14fd0b5e,110,,not started,
,0x3e2458fd10201c3e66960a93e2a94e95861450bd29d040f6a077581fce165e29,111,,not started,
,0x8b480f19bf914a4f811346b85a9410af55aa52622b745cbc46d4507c28838821,112,,not started,
,0xc30088981419c79a913acb4d63a47fa6813a00d7419cdcfefde4a0f89b24b864,113,,not started,
,0xc938557155993da8f33857e52d7deb04421d1bb341fc24216563aae64fe32d36,114,,not started,
,0xd765664dd27255f1ba341fbb3375439a57fb6a92313df2f7af7856233f415ed7,115,,not started,
3fxjuq9ok1dnyrhp53fxjmwnomvvtzmi,0x83dcff4c909bbcc0a141c180a7a282180e14dbc11f3de8d288932a6b017cb86a,116,0x5ffd23b1b0350debb17a2cb668929ac5f76d0e18,cleared,
,0xeecfa614f020c2ea4c2eb431246befedf35ddc6c52cfaa83d0c4caf2f580f9f4,117,,not started,
,0x62043b7744f559522f071821d2a062e2135c21a7759c685cf72ad03f9774b123,118,,not started,
,0x220685a4514003f22cbf18a7ddd9c09f88c2383daed6cbfa3437b22a51c07c26,119,,not started,
,0xa8213245a57be579692ead3a2381364f5942a68afd17b41a3ec1079e50af1a26,120,,not started,
,0x3890b8264147dbeaaefc6ba0eb6df0fca5fb7ebe508fa1ed87065c58387ead92,121,,not started,
,0x6dde8a1ab47a68ec31d112a28ed9777d5d753b3aee17ea2452bc7d787f944974,122,,not started,
,0x0c327d5f07a0abc24d646de807a9768619a34ba5277b24fc935b1edf57fa6244,123,,not started,
,0xdc8c675a16e135a3518852b240cde44e9105622473623bf86725a9abb8d18847,124,,not started,
sy71ooaga1vc5y3qkwg9sy71ov0j15wi,0x2a2d2dbfa03619094fbeb6474776f2f3b5f6be443c8576abc6f3caa2c18dc45e,125,0xA239366d40b724dD2b7F1E5750E82cf4D56Aa7c2,pending,
,0x6c4b5386ddf396c088d3a96a65fb8a928a2a9edeb6eeb46ec6179acb5eaa23fe,126,,not started,
,0xae07bfec2c3c90937679f8c8c5c32e80407c09903aa03d1b5e5a075e67592b86,127,,not started,
,0x66cce776ce6eaa99192120fc25b91ecc7b98e03210a08f0d3bfda82f542d3e1a,128,,not started,
,0x89216c66f45f82595fddb810c78df46fcee9be72181e9c92b26b0ce31bd6f413,129,,not started,
,0x780cf3d5aa4e3c94b8a4157f4b06a3f92ebcc20813585e20e3fe0271bf76b7a9,130,,not started,
,0x8016ec0d5302d0347a567897083883e11e112d7ed17319f88682213470a3ac49,131,,not started,
,0x32a687fa8ed3dc2679b9be5653dc7b0765a5099064501ad183d2d8a1509f4871,132,,not started,
yga6qbq2tltfqzh0ayga6qbkvtu0ydr8,0x6bd6aba90e1e5cb41236bc52a96f5ce65686568ff95fe535c865658c73947198,133,0xE2B72831F811DFa2d4936f63c31DBfde93d6C772,pending,
tdacbq7weyxbzabg6tdac7udvq4z7z4i,0x351158069e6f06eb4a2fa36878e653ecee7089db3ed4a1e2af1d0fdeb6670e6a,134,0x941Ea78512b918fDD66E0f16Ed8D35F743Bce0B4,pending,
t6y9pog0exa3pccznuojtat6y9poozct,0x46ca6c364e7a7bc7dd79db1f22a66b305a77f8c912636b00a4b9a6b28c423e8f,135,0x602f4cfaB87770a0d9EF48CcAccfD796eed7be9D,cleared,
,0x2d5167181143298e3d002d318d8b1d2917b8c3205a5634549c95cab0ff32cbdf,136,,not started,
3xntggt19sv6r7rj3xny70vtwo7zyy56,0xc8aefb795901b721da74124680a1ab4021a8753f474daaf351667c974d8bc72d,137,0x57F8F0b1011E214788043476EC89ff8FF8E574dd,cleared,
e9f3858vi4d0zcxd8e9f33iqhamo6k6b,0xdfad16356f7cf4f0550787eae192ef0d7a8bde878b765e8fa302dc7e20ff360c,138,0x4f5f7eC4079FC551Fb10cFf24b00e9625d3B8Ad1,cleared,
,0xded5569a48e46a8b71d2b347d90b0319a7dc8f2f599fcf902afb032877b5561e,139,,not started,
,0xe8e098fcf95bef2c282b75014bf8ea46231896a4ba19fc17be3bc186d43dbb07,140,,not started,
zj9v7m3ijkq3rz2r8zj9cs9firxgagys,0x848488156d9bfc5356583da57253193a258acebcdbc3ba2a10dc8ef81bd815fe,141,0x65B9C6B62c37D454B5a51dc1d332f396272Aa1,cleared,
,0x91b002c41ae45979dda4d66becc0d83fe92a20af00b59c1c5ab443492b896a0b,142,,not started,
,0x41cf185bd4ee6592c65edcb7360e2e56e069fe50ea4adeb7aaee243f7a515c92,143,,not started,
tjyoknuorpopbdfqogtjyokoje6opnis,0x3ea87586a0d82cb8824a045fdd1a95b0397a02a7534dab5e4b3538afe43ddf39,144,0x777c47498b42dbe449fB4cB810871A46cD777777,cleared,
,0x08d4923c8047ec8856f54a1d6e0763d41eaced38e621b2f15284437918defe1f,145,,not started,
,0x640b373ea180a464679db947b03f611766e2fb911206470e3e041ad34c1ad7c2,146,,not started,
,0xc9976099df2ee3d1b71e966f8e80ef907846f36152f2e5957fb31890f18cf76f,147,,not started,
,0x44ca2c89a912ec7e3f2a38aaecde63044fcaa3024839eb628081a3bcba9c0490,148,,not started,
vq68bojha1qz5pqvq68evcse629i9z4s,0xd7a8e115b2b3772d7d5656d7798e349dcdedf2463302c78528c9e9686ab4efe3,149,0x638a0d55c184aae3d227d656be5e8d269bf5373c,cleared,
,0x27eb7d5d11ce5a3cca4358a8a6b2ea65fdac15655fb1d29d2d47908999586ad2,150,,not started,
,0xdd35cc4641c3c35bee5782fc0442b2a1b88a058ec0a7b90ba32c70347e4e9194,151,,not started,
,0xfa434705204825a48e5f4a8dd34e548cc54988c592c2aaae54faf8da0a139ffd,152,,not started,
kff65govbfha6jjhokff65fpxb5ozzdj,0xad43dc524ae73ce9398d0378c5ba9fa53c3394ac9e90f7b60df7b4a7d028f476,153,0x86B38d97cdD7476Dc08693580A7B2Eb828D2ff09,pending,
,0x9ee9c906642c79f905691d25a3bac3627b2f709e8bc20883afda1c4f2b76ef7e,154,,not started,
,0x797dbac78f23a0c01378b0803063fe70618e7744ca516e5aef1e7ee244fded51,155,,not started,
2ep87ilw1rhrote2epw250iddt96wfjt,0x8fa98773f72474172c2fe75fb7ad3ae2274edd1bc1635b77dd175259dbfde5bd,156,0x04cF6Ea07A77eD7aB95cf319e1F412CB1e9b311f,pending,
,0x43c0bbbedc1c04715c3fb34b9387a0779a0d43092c716c29949e7099429eccdb,157,,not started,
,0xf234dd929b802645332b513bc9ecc47d83ea513fff791f3a9c6788bbd8229db0,158,,not started,
spshkx0dpgtv18amcxhi3h7spshkx0aj,0x5b054742b09f8ce4092a15700ef9781520a6ff2928ba5ee09c78ad4dd8817b85,159,0xee324c588ceF1BF1c1360883E4318834af66366d,pending,
,0x702aae08d1f82c410a51fe243bd662d5639543c4706deb3dd2932e5909552afc,160,,not started,
,0xc935089f9c7b01bef6ca8deade91e04ffa79f7e6fbe7141d4c30c3a76a855e5d,161,,not started,
,0x46b434953909491a2555ccb9cdaee3417765721a33a302a470b25aa6926cae61,162,,not started,
,0x78aa10e4a035b703753c0b399a608d22520a932ae7b7554f6ed148928a0a016a,163,,not started,
,0x79611ec31e5cee4ed9ca01aa92bb709c045ff0e0bc59ad1c03ca1df50fcb5880,164,,not started,
,0xe434930e189c807b137ff0d8e2fa6a95eaa57dde574143a02ca0d7fb31a40bea,165,,not started,
iwr9i5viwcwa6ft7iwr9i5e21smil2b6,0x2b6c413a5b076f917ada28ac44b0995daee75f06678705d1eb75ff5da38bdd3b,166,0xD38c5De0a2DE53da1552f9eEAd15Be167d8B2e8D,cleared,
,0x8967594d2978692a35fea137ba640bb42f11cad907ca6b0bd01f3718fc4c7f5b,167,,not started,
,0xc13c7f458b87400b3d435c48c9536276073ba4c2038bac2af8d9c40a6a9dcd14,168,,not started,
,0x6c7990e08e4fbbb37b7df628116d66e53a14dcc3328bbf124be3245bca366068,169,,not started,
,0xbdca9dd029e6fcfbe269429f1db7a0e7f73334e253995f68146fc88fc17cdb3f,170,,not started,
,0x4feb65733264313314056d99958c55902bd2e77139123e73090f46249603ae18,171,,not started,
1mqozi6bzapf4o0m3i1mqozi0iuy0s2a,0xe85701181a20c498c1521e35d203247a7ed0a54e496d52119eccc2e28e8cf078,172,0x7B27c0cfaBD0941577624eDDdc8ad0fd12fd7480,cleared,
,0x278442aa60cfdfad09d58112baecb05486dde654b47db21fb3d2274a2639bd47,173,,not started,
mso4ih64co624ulf3omso42puwp2vzgk,0xa20b4eaab24516b287792b0d45c2cb890561f2db5910a6b9a2507bb4c8d84455,174,0x06b0A2C6beeA3fd215D47324DD49E1ee3a4a9F25,cleared,
c7tir5hk251ipbm55z9jc7txd445rjwu,0xe173916be16955177d6b6380f50cc2e943e906c3e337736b361b5dbe477e7685,175,0xD10be77aD727ce32C85809a2ae8Ff4d86EbC068D,pending,
0y3wtwnme7t1w3exxd50y3wtwn7d4jql,0x4bb52210fd390559dc9757138ea8ce189d7bd73f15314209775a9c6fecb969fa,176,0xA89946F00052Bc385B3121b45420316a7cE20E60,cleared,
,0x61d2e05f988e678b240a7f00c5f722a5a69f06f085f4ff33199e835a46949469,177,,not started,
,0x59a9c9e954400f540020b2c61bbdac4d4bf1582c902fe7d49fa9fc0907ee3f4a,178,,not started,
1v4tblzvtk8ozcfdkk561v4tblzy2xd2,0x87d49ebca1bda6345aada7953ff55aa18acd69bf97caecdcedfac93b506ef0d6,179,0x343289c44A2A9F3933DEB029bA0FC7dd3F2DA995,pending,
elpnsn284c4ivcyff528celpnsn4fv8h,0x1d585df770de05257717b33075f6d32e79fb60ec507cff35e51a0e478a4a54a0,180,0x14bA0D857C496C03A8c8D5Fcc6c92d30Df804775,pending,wombat
,0x7a13acc03022c7f42347006fd95d2aeeadd0a0e7411ae6405c645814814fd093,181,,not started,
,0x54ff216c822bda60476028563e056b6aa5d48aeffa73173267cb988a340c5332,182,,not started,
,0x31ad5901da0dd56bc4e1649645365b03443ac0712c72431bf6132b121b8b96eb,183,,not started,
,0x753735dcf81ae3bd485765a433f7d9fd93f704bc8713d873b4cacfbbec060c0d,184,,not started,
,0xb41e32621e56fbe7d89052f3c852ff70c6bfe21ba5a91910ef2fd548eb6e4e8a,185,,not started,
,0x396426679c3986320a3aa0c23b69857c06cb41ff0c92ac81aaa0332e5200ec9c,186,,not started,
,0xaec46d1927be76868345f3c076c66b9991d6e2cb1f0589dabd768cf14638b34e,187,,not started,
3bl77aikdcz985m3i3bxr0p9iezybvjm,0xb0c8fe8e359a91bc2fa4b7498e2c7f6a50f730ee1dc821bee016a4b7feb7639e,188,0xc010B576B19F162B07DD9fd3fbE7921547c83873,cleared,
,0x12d482385e2c26d37da1f30c513d66c1fa39e9ed4980a49a51b23caa7b2ce0bc,189,,not started,
,0x87c29aa0ad226c7f20cf3f37842ced2a795ad38a03a18f0829d1c09dbc77f51a,190,,not started,
,0xf9a4e3b240bf6d40ee533e5ed63a8288b1a739ee382b1f23ccc5229b7bc8a498,191,,not started,
l2a9oxr7phrvu6znfl2a900gq8ewtfpq,0xda73a17b6b38aafcdcd684f5e10dbb5aad0b114ced4bf87c91afadf362df17f3,192,0x3FF777d0c554869Ce75D68562bb029f93f8CCa14,pending,
tj9298kmdzc688wtj9298wc8yigbd58u,0xb9b7f1175044c211555b5589ee389263d2e455f99c1505e6b121cf6e3f5caaff,193,0xa1447bb4b3940Aeb646cC786b2581a81bF670FfD,cleared,
,0x935315db8c17993464cfb28337442ad60c6cd434305130a1d5d898e92d6d8123,194,,not started,
,0x6b8cc2b8d8f7a051927d058af2e742fb940a248c4de357e2a7a6b58f01831d44,195,,not started,
,0x7d7720ffd4c1ba8e67473a24a14ab4fab47486102436e14edf63ed2070669d49,196,,not started,
,0x0d1810bae195eec71762b45236d0b9fd0a37c3089f7c466453b86e961326f8a7,197,,not started,
,0x941cd8e246098a5392e47379f6353f6e37c769b022546b640aa5c6c78f91119e,198,,not started,
,0xa08c7ab7824d147d6cb87ffb4e86cec454a030d48b8c395bad6d64456be3d911,199,,not started,
,0x2e7c3fcaca4cfa15199cba38b7f5ee0e18377e069dc8237d03fa7620d44d3cd3,200,,not started,
,0x5614d129eba060ce7d224e8e8f9f29aeddfdb572b0dd45edc81f18f5307bc01a,201,,not started,
bmgs1g5gk7wguu5b7wulafm30smk4agj,0x28e90d2194452d0b959d1729eb5bc9183681bd891efb59aea2383b0ac7fd53f7,202,0x93f8E7eC7E054b476d7de8E6bB096e56CD575Beb,pending,
ifh6g8nd0hg0a1d710ifh6g8vd8ra7y6,0x2ddf5b9dc64f873d6557b4f63de936cf278f8851deda857244a1be44d1a1e950,203,0x559886b2F5F11aE4Ab41266Fbfb9dC5D93c928c0,cleared,
,0xa4d3729a488eeabcc3a59de70b760391db50e9bf488d5942e704089c58825c24,204,,not started,
,0x69e36f30f2a21afb2eb61156ca00f303434ba8868315abec3eb8780b812fe976,205,,not started,
,0x3f11bc2231f22056737d8bc5338c06bbb1637de54c71a65eed9d6500a8fbd1bc,206,,not started,
,0x892cf9449b4046f9b68efe6ffccfcd8df1322b1a9ffc65a2bbfe1207c4ceba8d,207,,not started,
,0xa03ec02831ddba6f92dee26ff03642e07aa6085c3c6e2b403119dde5566fa740,,,not started,
,0xdbfb85445c76c4dc1f6f3992098713ba07857f3417951184bfb6a7e65f14807c,,,not started,
,0xd9bec9d0ab1167eb2d3618afac3145cb8a88b60d64b119c2b4cc8d822f4b8208,,,not started,
,0x67267b69dc7950fdd49dc0b78a8bdeefa234992190bc3b81e1d1c735086c033a,,,not started,
,0xa45ebed9267cf10226c68abc98b1871bdfa611ee51050c161e316be1dbf7e696,,,not started,
,0x2e0e80846b4d52b126f3c9a20a01876bbcb80de67befe916870c5d8736af6c2a,,,not started,
,0x75a73ce0588cac3b0ee8953163b64f9449330d39e30efe4288b4f00be04ecc71,,,not started,
,0x1c1bb58707493e944e721acf773ee77405f8eb4c82070e6425e34b03c7a206ce,,,not started,
,0xb926ab918147d2264dba94a429eb07986aa533fd6062a78736d3eda4e0b4a69b,,,not started,
,0x7262ed9c020b3b41ac7ba405aab4ff37575f8b6f975ebed2e65554a08419f8f4,,,not started,
,0xdf3eb6b429b2150c71241de0c591b18c98a3528ad0e8d838d069b6fff291d803,,,not started,
,0x3db32e85563bfe1014acc9da5b0d3ff6b802e8205cfce45dd7157c901ece5f36,,,not started,
,0x8a0f263d8dca18ceca0615836a5401c9dd31c7141ee439cd7020b4907e0b6c2e,,,not started,
,0xe13ef8130233ba5feca029110f3abf30cb33f7efe2d915ba7e536200b67fe0bf,,,not started,
,0xd2c16680d3c90d9a121723d437ee7aaf7a13ec5e0c72a0ab032fc1ee8b928105,,,not started,
,0xb908ea18fd164cf089649ba95887c221f5e8b93a08235dff43e33bd6617239dc,,,not started,
,0x808b31862cec6dccf3894bb0e76ce4ca298e4c2820e2ccbf4816da740463b220,,,not started,
,0x93decae913f62c0a86519d0b0798e4a10c46c541bfc14dcff0193d6b026e9532,,,not started,
,0x54c8768e4b6c2ac3d3df596b5dc9d1dc81cb879d83a65a0e50f0270fe24fa2cd,,,not started,
,0x62408999652f3bfa1be746d256bf5a4eb4719b993d40f07d2d60aaebee015018,,,not started,
,0xf1358b33be174954b454aebca311fc83753dc1d8c743e25c829091ccd69fedd0,,,not started,
,0x63c40ab7a0dca87506b015935db8c37b12e5246661be84364920ec151b48a4e7,,,not started,
,0x742a9a3a6a97c94f087aa389617407779349416fd68a05dba1a3ef27bb7ec0e4,,,not started,
